tag,type
Basket,hobi
Memasak,hobi
Desainer grafis,profesi
Disiplin,sifat
Mendengarkan musik,hobi
Peneliti,profesi
Penuh semangat,sifat
Rebahan,hobi
Ramah lingkungan,sifat
Binaraga,profesi
Atlet,profesi
Sutradara,profesi
Motivator,profesi
Kecerdasan buatan,hobi
Curhat,hobi
Seniman,profesi
Romantis,sifat
Lari,hobi
Koki,profesi
Merokok,hobi
Menyanyi,hobi
Tidur,hobi
Film,hobi
Robotika,hobi
Golf,hobi
Model,profesi
Perfeksionis,sifat
Ilmuwan data,profesi
Stylist,profesi
Bisnis,hobi
Analitis,sifat
Psikolog,profesi
Arsitek,profesi
Pembuat perhiasan,profesi
Inovatif,sifat
Ambisius,sifat
Berdiskusi,hobi
Puzzle,hobi
Pet lovers,hobi
Berhitung,hobi
Pemandu wisata,profesi
Futsal,hobi
Ilustrator,profesi
Animator,profesi
Diplomat,profesi
Kritis,sifat
Meditasi,hobi
Humoris,sifat
Patriotik,sifat
Petualangan,hobi
Cerdas,sifat
Cosplayer,profesi
Diskusi,hobi
Desain,profesi
Geolog,profesi
Jogging,hobi
Intelektual,sifat
Penulis,profesi
Fotografi,hobi
Percaya diri,sifat
Penuh daya juang,sifat
Penari,profesi
Seni,hobi
Desainer interior,profesi
Sejarah,hobi
Optimis,sifat
Touring,hobi
Ice skating,hobi
Pramugari,profesi
Eksperimen,hobi
Konsultan,profesi
Penata rambut,profesi
Suka menolong,sifat
Belajar,hobi
Gym,hobi
Bermain musik,hobi
Filsafat,profesi
Komposer,profesi
Ramah,sifat
Kpopers,hobi
Voli,hobi
Kreatif,sifat
Fleksibel,sifat
Menulis,hobi
Penuh energi,sifat
Penulis lagu,profesi
Dermawan,sifat
Tenis meja,hobi
Catur,hobi
Independen,sifat
Analis keamanan,profesi
Sabar,sifat
Dokter,profesi
Hang Out,hobi
Akting,hobi
Fashion,hobi
Poker,hobi
Olahraga,hobi
Nakhoda kapal,profesi
Sosmed,hobi
Pialang saham,profesi
Billiard,hobi
Pelukis,profesi
Trading,hobi
Wibu,sifat
Programmer,profesi
Bekerja,sifat
Ahli nutrisi,profesi
Kurator,profesi
Sulap,hobi
Kutu buku,sifat
Fotografer,profesi
Pengusaha,profesi
Yoga,hobi
Desain Ui,profesi
Jurnalis,profesi
Aktor/Aktris,profesi
Menyelam,hobi
Menonton,hobi
Anak Senja,sifat
Ahli ekologi,profesi
Rendah hati,sifat
Coding,hobi
Teknologi,hobi
Traveling,hobi
Self development,sifat
Kerja,hobi
Content creator,profesi
Gamers,hobi
Hiking,hobi
Belanja,hobi
Astrografi,hobi
Berpikir,hobi
Berkebun,hobi
Menggambar,hobi
Sepak bola,hobi
Visioner,sifat
Melukis,hobi
Pendaki,profesi
Kuliner,hobi
Berjiwa petualang,sifat
Rubik,hobi
Kesehatan,hobi
3D Modelling,profesi
Riang,sifat
Multimedia,profesi
Cosplay,profesi
Musisi,profesi
Keibuan,sifat
Penerjemah,profesi
Ahli biologi,profesi
Main kartu,hobi
Browsing,hobi
Menari,hobi
Jalan jalan,hobi
Skena,sifat
Berenang,hobi
Merenung,hobi
Videografi,hobi
Dubbing,profesi
Montir mobil,profesi
Bernyanyi,hobi
Menjahit,hobi
Penyanyi,profesi
Prank,hobi
Berkuda,hobi
Sastra,hobi
Manajemen,profesi
Bersepeda,hobi
Editor,profesi
Mendaki,hobi
Membaca,hobi
Budaya,hobi
Surfing,hobi
Penyiar radio,profesi
Pemadam kebakaran,profesi
Grafity,hobi
Astronom,profesi
Konservasi,hobi
Pecinta alam,sifat
Introspektif,sifat
Memancing,hobi
Pengajar,profesi
Terorganisir,sifat
Ahli hukum,profesi
Badminton,hobi
Berjiwa sosial,sifat
Arkeolog,profesi
Perawat,profesi
Ngopi,hobi
Memanjat,hobi
